Job_Title,Location,Publish_Date,Link
Home,India,N/A,https://www.ibps.in/
PSBEngagement of MSME Relationship Managers on Contractual Basis05-Nov-2526-Nov-25,India,N/A,https://ibpsreg.ibps.in/psbrmoct25/
PNBRecruitment of Local Bank Officer in JMGS I03-Nov-2523-Nov-25,India,N/A,https://ibpsreg.ibps.in/pnboct25/
AIIMSRecruitment to Various Non-faculty Posts01-Nov-2530-Nov-25,India,N/A,https://ibpsreg.ibps.in/aiimsgoct25/
SEBIRecruitment of Officer Grade A (Assistant Manager) 202530-Oct-2528-Nov-25,India,N/A,https://ibpsreg.ibps.in/sebisep25/
MEDARecruitment of Various Posts29-Oct-2518-Nov-25,India,N/A,https://ibpsreg.ibps.in/medasep25/
MSCEPRecruitment of Cluster Resource Center Co-ordinator (Cluster Head)25-Oct-2510-Nov-25,India,N/A,https://ibpsreg.ibps.in/mscepoct25/
DCCBRecruitment of Staff Assistant18-Oct-2506-Nov-25,India,N/A,https://ibpsreg.ibps.in/dccbsep25/
MOILRecruitment of Various Posts17-Oct-2506-Nov-25,India,N/A,https://ibpsreg.ibps.in/moilsep25/
CWCRecruitment of Various Posts17-Oct-2515-Nov-25,India,N/A,https://ibpsreg.ibps.in/cwcsep25/
